"ADHD_HI_Raw","ADHD_HI_0x25","ADHD_IA_Raw","ADHD_IA_0x25","ADHD_Total_Raw","ADHD_Total_0x25","AWMA0x2DS_VerbalSTM_StS","AWMA0x2DS_VerbalWM_StS","AWMA0x2DS_VisuoSpatialSTM_StS","AWMA0x2DS_VisuoSpatialWM_StS","CMAT_Addition_Raw","CMAT_Addition_StS","CMAT_Subtraction_Raw","CMAT_Subtraction_StS","CMAT_Multiplication_Raw","CMAT_Multiplication_StS","CMAT_Division_Raw","CMAT_Division_StS","CMAT_BasicCalc_Comp_Quotient","CTOPP_EL_Raw","CTOPP_EL_StS","CTOPP_BW_Raw","CTOPP_BW_StS","CTOPP_RD_Raw","CTOPP_RD_StS","CTOPP_RL_Raw","CTOPP_RL_StS","CTOPP_PhonAwareness_Comp","CTOPP_RapidNaming_Comp","speech_delay","speech_language_therapy","struggle_reading","reading_disability_tested","tutoring_reading","struggle_math","math_disability_tested","tutoring_math","regular_classroom","skipped_grades","individual_education_plan0x2F504_plan","learning_preference_teacher","learning_preference_visual","learning_preference_demonstrations","learning_preference_peer0x2Dinteractions","learning_preference_discussions","mother_learning_problems","mother_speech_problems","mother_behavioral_problems","mother_medical_problems","mother_emotional_problems","mother_drug_alcohol_abuse","father_learning_problems","father_speech_problems","father_behavioral_problems","father_medical_problems","father_emotional_problems","father_drug_alcohol_abuse","family_history_learning_problems","family_history_ADD","family_history_behavioral_problems","family_history_neurological_problems","KeyMath_Numeration_Raw","KeyMath_Numeration_ScS","KeyMath_Measurement_Raw","KeyMath_Measurement_ScS","KeyMath_ProblemSolving_Raw","KeyMath_ProblemSolving_ScS","TOMA0x2D2_Attitudes_Raw","TOMA0x2D2_Attitudes_StS","TOWRE_SW_Raw","TOWRE_SW_StS","TOWRE_PD_Raw","TOWRE_PD_StS","TOWRE_Total_StS","WASI_Vocab_Raw","WASI_Vocab_T0x2DScore","WASI_BD_Raw","WASI_BD_T0x2DScore","WASI_Sim_Raw","WASI_Sim_T0x2DScore","WASI_MR_Raw","WASI_MR_T0x2DScore","WASI_Verbal_SumTScores","WASI_VIQ","WASI_Perf_SumTScores","WASI_PIQ","WASI_FSIQ_SumTScores","WASI_FSIQ","WJ0x2DIII_WordID_Raw","WJ0x2DIII_WordID_StS","WJ0x2DIII_WA_Raw","WJ0x2DIII_WA_StS","WJ0x2DIII_PassComp_Raw","WJ0x2DIII_PassComp_StS","WJ0x2DIII_MathFluency_Raw","WJ0x2DIII_MathFluency_StS","WJ0x2DIII_SpatialRelations_Raw","WJ0x2DIII_SpatialRelations_StS","WJ0x2DIII_BRS_StS"
2,50,2,25,4,25,130,109,98,110,17,12,11,10,4,6,6,9,95,20,15,20,16,55,7,51,7,133,82,2,2,2,2,2,1,2,2,1,2,2,2,2,2,2,1,2,2,2,2,2,2,2,2,2,2,2,2,2,2,2,2,23,11,24,12,20,13,43,10,74,118,41,114,119,44,62,38,66,22,49,27,63,111,108,129,126,240,118,60,117,28,115,34,114,41,83,73,118,117
3,50,1,25,4,25,85.8,99.1,135.1,100.1,25,15,20,13,26,19,24,20,145,19,12,18,13,28,10,25,13,115,109,1,1,2,2,2,2,2,2,1,2,1,2,1,2,2,2,1,2,2,1,2,2,2,1,2,1,2,2,1,2,2,1,47,16,38,16,25,14,52,16,76,98,42,100,99,55,62,54,64,40,71,32,65,133,129,129,126,262,131,64,109,27,104,38,113,95,104,74,111,106
4,50,3,50,7,50,109,116,109,122,17,15,11,13,3,8,1,8,107,18,14,12,9,39,10,37,11,109,103,2,2,2,2,2,2,2,2,1,2,2,1,2,1,2,2,1,2,2,1,2,2,2,1,2,1,2,2,1,2,2,1,21,14,18,13,16,15,35,6,74,124,37,115,123,35,61,28,66,22,58,26,69,119,115,135,132,254,126,53,119,22,113,30,115,56,118,63,107,118
4,50,11,80,15,50,144,113,115,119,21,15,16,14,12,12,12,14,125,18,12,16,11,42,7,40,8,109,85,2,2,2,2,2,2,2,2,1,2,2,1,1,1,1,1,2,2,2,2,2,2,2,2,2,2,2,2,2,2,2,1,42,16,32,15,23,15,49,14,74,109,42,110,111,52,68,24,52,36,73,30,66,141,137,118,115,259,129,65,123,28,113,34,110,56,93,73,115,120
4,20,4,25,8,25,119,121,132,118,21,17,19,19,17,17,20,20,155,19,14,12,9,31,11,36,11,109,106,2,2,2,2,2,2,2,2,2,2,2,1,1,1,1,1,2,2,2,2,2,1,2,2,2,2,2,2,2,2,2,1,33,18,30,17,18,15,56,18,76,120,42,115,121,42,64,24,57,23,54,26,64,118,114,121,118,239,118,59,118,25,110,31,107,106,143,66,106,115
3,50,4,25,7,50,103.4,120.3,132,100.1,24,14,21,14,12,8,14,11,112,19,12,18,12,24,12,28,11,115,109,2,2,2,2,2,2,2,1,2,2,2,2,1,1,1,1,1,2,2,2,1,2,1,2,2,2,1,2,2,2,2,2,45,15,30,11,23,12,39,9,94,122,51,114,122,56,64,44,59,42,75,30,62,139,135,121,118,260,129,67,118,31,123,39,118,64,85,77,121,123
0,0,0,1,0,1,110,90.4,114.5,112.7,23,13,19,11,19,12,22,18,124,18,11,12,8,28,9,32,8,97,91,2,2,2,2,2,2,2,2,1,2,2,2,2,2,1,1,2,2,2,2,2,2,2,2,2,2,2,2,2,2,2,2,47,16,36,13,26,14,54,18,99,123,51,110,120,60,67,55,63,41,72,32,63,139,135,126,123,265,133,65,108,26,100,42,126,100,104,71,104,104
0,1,7,50,7,50,82.9,103.3,98.6,109.9,19,10,16,11,14,11,15,14,110,17,10,8,6,51,5,53,5,88,57,2,2,2,2,2,2,2,2,1,2,2,2,1,1,1,2,2,2,2,2,2,2,2,2,2,2,2,2,2,2,2,2,38,14,33,13,18,9,48,14,68,95,38,99,96,48,57,63,74,37,69,32,67,126,121,141,138,267,134,60,105,29,113,36,110,42,71,69,103,110
0,1,1,10,1,1,82.39,94.8,113.8,100.1,12,5,17,12,15,11,13,12,100,8,5,11,8,28,11,29,11,79,106,2,2,2,2,2,2,2,2,1,2,1,2,1,2,2,2,2,2,2,1,2,2,2,2,2,2,2,2,2,2,2,2,25,8,19,7,14,7,36,7,80,112,39,100,107,37,43,22,46,28,51,27,57,94,95,103,102,197,99,60,105,18,92,32,97,50,78,31,92,96
2,50,0,1,2,25,126.9,103.3,83.4,103.3,24,14,17,10,22,15,21,18,128,19,12,15,10,32,8,25,13,106,103,2,2,2,2,2,2,1,2,1,2,2,1,2,2,2,2,2,2,2,2,2,2,2,2,2,2,2,2,2,2,2,2,36,11,32,12,25,14,36,7,84,112,55,121,120,50,55,44,58,35,61,24,49,116,112,107,105,223,109,65,112,29,112,31,93,97,106,64,95,116
2,60,1,25,3,25,101,102,91,77,10,6,9,9,12,14,8,13,103,16,11,19,15,63,5,49,8,118,79,2,2,2,2,2,2,2,2,1,2,2,2,1,2,2,2,2,2,2,2,2,2,2,2,2,2,2,2,2,2,2,1,28,13,31,16,21,15,48,13,77,121,30,100,113,28,44,33,64,23,54,26,64,98,98,128,125,226,111,59,117,26,111,33,113,63,109,68,109,115
2,50,1,25,3,25,109.3,90.6,110.7,100.1,20,11,17,12,16,12,7,7,103,17,10,19,14,24,13,27,12,112,115,2,2,2,2,2,1,2,2,1,2,2,2,1,1,2,2,2,2,2,2,2,2,2,2,2,2,2,2,2,2,2,2,28,10,22,9,20,10,33,5,91,123,57,130,132,51,60,23,47,32,59,24,51,119,115,98,98,217,107,65,117,29,113,38,117,79,100,72,109,117
19,96,7,50,26,91,135.8,94.8,113.8,122.9,24,17,21,18,22,18,18,19,153,20,14,20,15,24,13,29,12,127,115,2,1,2,2,2,2,2,2,1,2,2,1,1,2,2,2,2,2,2,2,2,2,2,2,2,2,2,2,2,2,2,2,42,16,31,14,24,15,49,14,73,107,45,114,113,49,63,41,64,27,54,30,65,117,113,129,126,246,122,66,123,31,125,36,114,85,110,78,129,127
6,80,8,50,17,75,119,121,112,124,12,8,6,6,7,10,6,11,92,18,13,18,14,23,15,31,12,121,121,2,2,2,2,2,2,2,2,1,2,2,1,1,1,1,1,2,2,2,2,2,2,2,2,2,2,2,2,2,2,2,2,22,11,23,12,17,13,33,5,89,133,50,129,137,43,63,34,63,31,67,23,56,130,126,119,116,249,124,64,125,28,116,32,109,36,84,73,119,122
1,25,9,75,10,50,94.6,86.3,122.9,109.9,23,13,17,11,15,11,20,18,122,19,12,11,8,38,6,45,5,100,73,2,2,1,2,2,2,2,2,1,2,2,2,1,2,1,2,2,2,2,2,2,2,2,2,2,2,2,2,2,2,2,2,39,12,29,10,25,14,49,14,65,90,27,86,86,49,57,48,62,30,53,31,65,110,108,127,124,237,117,56,97,23,98,32,96,55,79,71,106,95
3,50,9,75,12,50,109.3,82.1,110.7,113.1,25,17,21,17,15,12,19,19,142,18,11,12,8,26,12,35,9,97,103,2,2,2,2,2,2,2,2,1,2,2,2,1,2,2,2,2,2,2,2,2,2,2,2,2,2,2,2,2,1,2,2,43,16,34,14,24,15,38,8,82,114,50,115,117,47,58,49,68,33,64,23,51,122,119,119,116,241,119,62,114,27,109,29,93,61,92,67,102,112
0,1,1,25,1,10,108,102,112,113,16,11,15,14,12,13,8,11,115,17,12,14,10,32,11,31,12,106,109,2,1,2,2,2,2,2,2,1,2,2,1,1,2,1,2,2,2,2,2,2,2,2,2,2,2,2,2,2,2,2,1,22,10,25,12,23,16,52,16,74,118,45,120,123,39,55,19,50,29,62,26,61,117,113,111,108,228,112,58,113,29,117,30,100,51,95,66,104,116
1,25,0,1,1,10,121.1,128.7,135.1,143,24,15,22,17,22,17,21,20,148,19,12,16,11,29,10,28,12,109,106,2,2,2,2,2,2,2,2,1,2,2,1,2,1,2,1,2,2,2,2,2,2,2,2,2,2,2,2,2,2,2,2,44,16,33,13,26,17,38,8,81,113,51,117,118,43,51,42,60,33,61,30,63,112,109,123,119,235,116,63,112,29,113,38,117,101,114,73,111,114
12,96,13,95,25,96,144,94,98,99.9,17,10,12,9,12,11,18,19,115,19,13,11,8,28,12,35,10,103,106,2,2,2,2,2,2,2,2,1,2,2,2,2,1,1,2,2,2,2,1,2,2,1,1,2,2,1,1,1,1,1,2,27,11,27,12,21,13,39,8,75,110,42,110,112,53,69,33,59,25,51,25,56,120,116,115,111,235,116,66,125,25,105,32,102,65,100,65,100,117
0,1,2,1,3,10,108,117,122,107,20,15,19,18,15,15,14,17,142,19,14,18,14,12,12,12,12,124,112,2,2,2,2,2,2,2,2,1,2,2,1,2,2,2,2,2,2,2,1,2,2,2,2,2,2,2,2,2,2,2,2,26,12,29,14,21,14,56,18,86,130,56,137,140,55,80,43,70,30,65,30,70,145,141,140,137,285,144,65,126,29,118,36,119,77,113,77,129,129
6,84,5,50,11,75,100.5,86.3,98.6,109.9,15,7,15,11,13,11,14,14,105,17,10,8,6,24,13,26,13,88,118,2,2,2,2,2,1,2,1,1,2,2,2,1,1,1,1,2,2,2,2,2,2,2,2,2,2,2,2,2,2,2,2,16,5,16,6,12,6,35,6,79,110,34,95,103,31,38,12,40,26,50,16,39,88,90,79,84,167,86,60,109,23,100,28,91,77,103,63,96,105
1,10,8,50,9,25,86,106,84,113,18,13,12,11,9,11,5,8,105,12,9,9,6,31,11,30,13,85,112,2,2,1,2,1,1,2,2,1,2,2,2,2,1,2,2,2,2,2,2,2,2,2,2,2,2,2,2,2,2,2,2,18,9,10,6,8,6,48,13,69,111,37,109,112,32,45,16,48,25,54,22,53,99,99,101,100,200,100,51,101,25,70,23,22,46,91,68,108,105
0,1,1,25,1,10,97.6,107.5,107.7,116.4,19,11,19,15,16,13,11,11,117,17,10,17,12,22,14,33,9,106,109,2,2,2,2,2,2,2,2,1,2,2,1,1,1,2,2,2,2,2,2,2,2,2,2,2,2,2,1,2,2,1,2,31,11,25,10,22,12,53,17,76,104,53,122,116,50,62,38,60,35,68,25,55,130,126,115,111,245,121,59,107,28,111,34,106,98,115,74,115,110
0,1,2,25,2,25,106.4,99.1,129,103.3,23,15,21,17,13,11,17,17,133,17,10,18,9,35,8,45,6,109,82,2,1,2,2,2,2,2,2,1,2,2,1,1,1,1,1,2,2,2,2,2,2,2,2,2,2,2,2,2,2,2,2,39,14,34,14,25,16,56,18,77,106,42,105,107,54,68,47,66,32,62,27,59,130,126,125,121,255,127,62,113,25,103,36,113,66,94,70,107,109
3,25,2,10,5,25,119,141,122,127,21,17,14,14,14,16,8,13,133,19,14,19,15,28,13,32,12,127,115,2,2,2,2,2,2,2,2,2,2,2,2,2,1,1,1,2,2,2,2,2,2,2,2,2,2,2,2,2,1,2,2,27,14,30,16,18,14,51,15,72,115,51,130,127,40,61,24,57,33,73,26,64,134,130,121,118,255,127,55,112,28,117,35,121,66,114,62,100,115
4,75,0,1,4,25,112.2,116,104.7,119.7,25,17,21,17,16,13,18,18,142,19,12,20,15,30,10,34,9,121,97,2,2,2,2,2,2,2,2,2,2,2,2,2,1,1,1,2,2,2,2,2,2,2,2,2,2,2,2,2,1,2,2,38,14,32,14,25,16,50,15,81,113,54,124,122,51,63,33,56,36,70,29,63,133,129,119,116,252,125,66,123,28,111,34,106,99,118,69,105,119
2,50,3,50,5,25,101,113,95,102,19,14,16,15,7,9,11,14,120,19,14,18,14,28,14,31,12,124,115,1,1,2,2,2,2,2,2,1,2,2,1,1,1,1,1,2,1,2,1,2,2,2,2,1,2,2,2,2,2,2,2,28,13,22,12,21,15,55,17,81,125,38,110,121,54,79,13,46,34,73,23,56,152,148,102,101,254,126,61,119,25,109,33,112,50,92,58,94,115
2,25,3,25,5,25,88,103,99.9,109,18,11,18,15,15,13,12,13,120,8,6,20,15,21,15,27,13,103,124,2,2,2,2,2,1,2,1,1,2,2,1,1,1,1,1,2,2,2,2,2,2,2,2,2,2,2,2,2,2,2,2,26,10,24,11,21,12,34,5,78,113,44,113,116,41,52,12,41,27,54,27,59,106,105,100,99,206,102,60,111,24,102,31,98,80,104,63,97,107
1,10,2,10,3,10,116,94,119,110,19,14,16,14,15,15,6,9,122,17,12,12,9,37,9,36,11,103,100,2,2,2,2,2,2,2,2,1,2,2,2,1,1,1,1,2,2,2,2,2,2,2,2,2,2,1,2,2,2,2,2,25,12,22,12,20,14,46,12,72,115,38,110,115,39,55,16,48,24,52,21,52,107,106,100,99,207,103,55,108,24,106,31,104,55,100,62,98,108
0,1,2,25,2,10,112.2,120.3,89.4,87,13,5,11,6,10,8,8,7,77,8,5,11,8,30,9,36,8,79,91,1,1,1,2,2,2,2,2,2,2,1,2,1,2,2,2,2,2,2,2,2,2,2,2,2,1,2,2,2,2,2,2,27,8,24,9,16,7,55,18,30,62,11,71,60,40,45,11,35,31,55,27,57,100,99,92,93,192,97,35,66,9,80,17,63,52,77,65,97,72
3,50,10,80,13,50,94.6,99.1,107.7,109.9,19,9,18,11,16,11,13,10,105,19,12,18,13,22,13,24,14,115,121,2,2,1,2,2,1,2,2,1,2,2,2,2,2,1,2,2,2,2,2,2,2,2,2,2,2,2,1,2,1,2,2,29,9,25,9,20,9,40,9,80,98,48,104,101,37,41,21,43,26,47,26,54,88,90,97,97,185,93,66,116,30,117,33,98,109,114,65,96,119
0,1,1,25,1,10,109,108,147,137,15,12,9,10,10,13,6,12,112,17,13,14,10,30,13,35,12,109,115,2,1,2,2,2,2,2,2,1,2,2,1,1,1,1,2,2,1,2,2,1,2,1,1,2,2,2,2,1,2,2,2,21,12,24,14,19,15,37,7,71,121,36,114,121,30,49,16,52,21,52,20,55,101,100,107,105,208,103,45,98,24,109,27,99,70,117,64,104,103
21,98,19,94,40,97,93,72.6,114.5,115.3,20,10,21,13,16,10,14,10,105,18,11,18,13,19,13,20,16,112,127,2,1,2,2,2,2,2,2,1,2,2,2,1,1,1,2,2,1,2,2,1,2,1,1,2,2,2,2,1,2,2,2,41,12,36,13,22,10,44,12,93,116,38,99,109,50,55,45,57,34,58,30,60,113,109,117,114,230,113,62,102,25,99,34,99,94,96,72,107,100
1,1,1,1,2,25,121.1,120.3,116.8,143,21,13,23,19,14,12,18,18,137,18,11,16,11,22,14,22,16,106,130,2,2,2,2,2,2,2,2,1,2,2,1,1,2,1,2,2,2,2,2,2,2,2,2,2,2,2,2,2,2,2,2,38,13,34,14,21,11,51,16,93,125,56,128,132,50,61,48,65,34,65,27,58,126,121,123,119,249,124,69,130,30,118,35,109,117,126,66,100,127
2,50,11,91,13,80,97,113,108,127,16,11,12,11,9,11,6,9,103,8,7,10,8,35,10,38,10,85,100,1,1,1,2,1,2,2,2,1,2,2,2,1,1,2,2,2,2,2,2,2,2,2,2,2,2,2,2,2,2,2,2,25,11,26,13,17,12,42,12,61,101,15,86,92,43,61,36,64,26,56,25,59,117,113,123,119,240,118,47,95,13,91,31,103,51,91,77,130,93
3,50,5,50,8,50,108,132,109,122,13,7,19,17,10,11,10,13,113,16,10,20,15,39,8,34,10,115,94,2,2,1,2,2,2,2,2,1,2,2,1,1,2,2,2,2,2,2,2,2,2,2,2,2,2,2,2,1,2,2,2,38,15,32,15,23,15,40,9,72,105,39,105,106,42,56,58,78,32,66,27,61,122,118,139,136,261,130,60,114,25,106,34,110,38,78,68,106,111
2,25,4,25,6,25,132,94,112,128,19,13,18,16,11,11,18,20,133,20,14,16,11,27,12,30,12,115,112,2,1,2,2,2,2,2,2,1,2,2,2,2,2,2,1,2,2,2,2,2,2,2,2,2,2,2,2,2,2,2,1,43,17,33,15,23,15,47,13,83,118,41,108,116,43,56,50,71,33,67,25,56,123,119,127,124,250,124,69,133,28,113,34,110,75,108,72,113,125
4,50,7,80,11,75,114,132,112,113,20,13,19,17,20,17,16,17,140,18,12,18,13,25,13,36,10,115,109,2,1,2,2,2,2,2,2,1,2,2,2,1,1,1,2,2,2,2,2,2,2,1,2,2,1,1,2,1,1,1,1,44,17,37,17,25,16,41,9,92,128,54,87,109,57,73,40,63,38,76,24,53,149,145,116,112,265,133,68,129,32,131,38,122,58,89,72,112,133
2,50,6,75,8,50,101,98,122,118,22,18,18,18,17,17,11,15,147,17,12,17,13,30,12,30,13,115,115,2,1,2,2,2,1,2,1,1,2,2,2,2,2,1,2,2,2,2,2,2,2,2,2,2,2,2,2,2,2,2,2,24,13,21,12,18,14,36,6,71,113,44,118,119,52,77,29,61,31,69,24,60,146,142,121,118,267,134,60,119,24,108,33,114,75,119,73,120,116
0,1,6,50,6,50,85.8,120.3,116.8,132.8,18,9,14,9,15,11,5,6,92,8,5,14,9,27,11,30,11,82,106,2,2,2,2,2,1,2,2,1,2,2,2,2,2,1,2,2,1,2,1,2,2,2,2,2,2,2,2,2,2,2,2,24,9,13,5,13,7,35,6,69,96,35,96,95,30,35,21,46,24,43,23,50,78,84,96,96,174,88,57,100,21,96,32,98,57,79,70,106,98
4,75,6,50,10,50,100.5,90.6,89.4,80.4,20,10,12,7,8,6,17,15,97,9,5,4,3,28,11,33,9,64,79,2,2,1,1,2,1,1,1,1,2,2,1,1,2,2,2,2,2,2,2,2,2,1,2,2,2,2,2,2,2,2,2,14,4,12,4,18,8,40,9,66,90,10,70,76,34,38,21,44,27,47,19,41,85,88,85,88,170,87,47,84,13,86,32,96,52,75,66,98,85
1,1,0,1,1,1,106.4,99.1,104.7,90.2,21,11,17,10,14,9,11,9,98,19,12,11,8,23,12,24,14,100,118,2,2,2,2,2,2,2,2,1,2,2,1,1,1,1,1,2,2,2,2,2,2,2,2,2,2,2,2,2,2,2,2,36,11,30,11,21,10,43,11,87,115,32,91,104,50,56,45,59,34,59,28,58,115,111,117,114,232,114,58,98,24,99,34,101,86,98,79,130,99
10,85,10,80,20,80,105,112.7,105.6,96.9,20,9,16,8,19,12,11,8,95,19,12,17,12,47,3,35,7,112,70,2,2,2,2,2,2,2,2,1,2,2,2,1,1,1,1,2,2,1,1,2,2,2,2,2,2,1,1,2,2,2,1,42,12,33,11,20,8,52,17,68,89,37,92,89,53,57,31,47,32,53,20,39,110,108,86,89,196,99,64,103,23,94,34,97,96,100,63,92,98
7,75,10,80,17,75,85.8,107.5,86.4,93.5,17,11,13,11,13,13,9,12,112,13,7,15,10,41,6,43,7,91,79,2,1,1,2,1,1,2,2,1,2,2,2,1,1,1,1,2,2,2,1,2,2,2,2,2,1,1,1,2,2,2,2,15,5,10,4,15,8,38,8,60,90,29,91,89,35,43,8,36,29,56,21,48,99,99,84,88,183,92,58,106,26,106,29,94,59,90,61,93,96
2,50,2,25,4,25,104,89,75,97,17,11,13,11,16,15,8,11,113,4,3,15,10,40,8,39,9,79,91,2,2,1,2,2,1,2,2,1,2,2,2,1,1,1,2,1,2,2,1,2,2,1,2,2,2,2,2,1,2,2,2,20,9,21,10,17,11,41,9,65,95,27,92,92,37,50,12,43,29,60,25,57,110,108,100,99,210,104,46,93,18,96,26,92,63,103,67,105,94
7,50,3,25,10,50,79,94,105,107,13,9,14,14,5,8,5,10,102,14,10,9,8,32,11,32,12,94,109,2,2,2,2,2,2,2,2,1,2,2,2,2,2,2,2,2,1,2,1,2,2,2,2,2,2,2,1,2,2,2,2,19,9,12,7,12,9,35,6,69,111,23,94,103,42,61,22,53,27,60,18,48,121,117,101,100,222,109,49,100,18,98,28,98,66,108,61,98,99
9,80,12,84,21,84,92,118,112,109,13,7,18,16,17,15,17,19,128,15,10,11,9,32,11,33,11,97,106,2,2,2,2,2,1,2,1,2,2,2,2,1,1,2,2,2,2,2,2,2,2,2,2,2,2,2,1,2,2,2,2,39,16,35,17,21,14,38,7,73,117,35,107,114,41,58,41,68,29,62,30,69,120,116,137,134,257,128,59,114,25,107,33,110,51,94,76,126,112
0,1,2,25,2,10,71.1,99.1,110.7,119.7,20,10,14,7,17,11,14,11,98,18,11,17,12,32,8,31,9,109,91,2,1,2,2,2,1,2,2,2,2,2,2,2,1,2,2,2,2,2,2,2,2,2,2,2,1,2,2,2,2,2,2,26,8,31,11,21,9,24,1,79,103,48,110,108,46,50,61,69,28,47,32,65,97,98,134,131,231,114,64,109,22,95,38,114,58,77,76,117,101
0,1,1,1,1,10,108,108,120,122,16,9,15,12,16,14,13,14,115,17,11,19,14,44,7,48,7,115,82,2,1,2,2,2,2,2,2,2,2,2,2,2,1,2,2,2,2,2,2,2,2,2,2,2,1,2,2,2,2,2,2,26,11,30,14,23,15,43,10,67,96,30,95,95,53,68,59,76,31,62,30,65,130,126,141,138,271,136,57,106,23,101,34,108,63,97,75,119,104
15,91,10,80,25,85,77,99.1,98.6,116.4,22,14,22,18,15,12,18,18,137,15,8,13,9,37,7,31,10,91,91,2,2,1,1,1,1,2,2,2,2,2,2,1,1,1,1,1,2,2,2,2,2,2,2,2,2,2,2,2,2,2,2,42,16,36,16,24,14,56,18,70,96,27,89,91,56,71,41,62,30,58,30,65,129,125,127,124,256,127,54,98,14,89,36,113,69,96,69,105,94
1,25,2,25,3,10,105,117.1,120.4,125.8,21,11,20,13,15,10,16,13,112,19,12,18,13,20,14,24,14,115,124,2,2,2,2,2,2,2,2,1,2,2,2,2,1,1,1,2,2,2,1,1,2,2,2,2,1,2,2,2,2,2,2,44,14,37,15,24,12,37,7,94,122,48,110,119,49,54,55,65,36,63,30,61,117,113,126,123,243,120,63,106,29,111,36,106,138,128,67,98,110
0,1,1,25,1,1,134,113,115,124,16,12,15,15,7,10,6,11,113,17,12,20,16,39,9,45,8,124,91,2,2,2,2,2,2,2,2,1,2,2,2,2,1,1,1,2,2,2,2,2,2,2,2,2,2,2,2,2,2,2,2,23,12,35,18,22,17,52,16,45,86,29,99,91,44,67,42,72,32,71,24,60,138,134,132,129,270,136,60,120,24,109,32,111,57,107,70,114,115
14,91,17,95,31,95,116,102,95,85,10,5,7,6,3,5,1,4,67,5,5,17,13,44,8,45,8,94,88,2,2,2,2,2,1,2,2,1,2,1,2,1,1,2,1,2,2,2,2,1,2,2,1,1,1,2,2,2,2,1,2,23,11,18,9,11,8,32,4,68,110,46,122,119,45,63,19,50,32,68,23,55,131,127,105,103,236,116,62,120,25,107,36,120,37,81,67,105,115
2,50,3,50,8,25,90,98,74,102,11,7,7,7,4,7,3,8,82,10,8,12,9,25,14,28,14,91,124,2,2,1,2,1,1,1,1,1,2,1,2,1,1,2,2,2,2,2,2,2,2,2,2,2,2,2,2,2,2,2,2,14,7,12,8,8,7,33,5,64,105,25,96,101,32,50,8,41,17,46,22,56,96,97,97,97,193,97,42,93,17,98,27,98,38,90,52,88,95
11,96,7,75,18,89,99,81.5,67.1,94.3,13,5,9,4,3,3,5,5,62,6,4,17,12,42,4,44,5,88,67,2,2,2,2,2,1,2,1,1,2,2,2,2,2,2,1,2,2,2,2,2,2,2,2,2,2,2,2,2,2,2,2,27,8,20,6,22,10,37,8,66,87,24,80,80,44,46,28,45,29,48,23,45,94,95,90,92,184,93,51,85,18,89,29,85,51,71,72,106,87
1,1,0,50,1,25,97,117,105,110,11,7,7,7,6,9,4,9,87,8,7,13,10,41,8,43,9,91,91,2,2,2,2,2,1,2,1,1,2,2,2,1,2,2,2,2,2,2,2,2,2,2,2,2,2,2,2,2,1,2,2,34,11,26,9,22,11,38,8,80,124,46,122,128,24,38,22,55,20,49,21,55,87,89,110,107,197,99,56,113,67,113,32,111,67,113,68,110,106
7,80,13,93,20,93,124,112.7,105.6,94.3,18,8,13,6,12,8,6,6,80,19,12,7,5,23,11,26,11,91,106,2,2,2,2,2,1,2,1,1,2,2,1,2,1,1,1,2,2,2,2,2,2,2,2,2,2,2,2,2,2,1,2,22,6,24,8,20,8,35,7,88,109,55,115,114,45,49,16,38,38,66,16,32,115,111,70,77,185,93,59,98,32,129,35,102,66,84,58,86,114
0,1,0,1,0,1,118.1,120.3,80.3,103.3,17,7,19,12,16,11,7,6,93,5,3,15,10,28,10,25,13,79,109,2,2,2,2,2,2,2,2,1,2,2,1,1,2,2,2,2,2,2,2,2,2,2,2,2,2,2,2,2,2,2,2,36,11,23,8,22,11,45,12,80,105,58,127,119,51,56,16,38,32,55,19,39,111,108,77,83,188,95,63,107,30,116,36,107,79,94,58,86,113
5,25,5,50,10,50,121,99.9,102,101,8,8,8,10,3,8,0,7,88,15,11,17,13,48,8,59,7,112,85,2,2,2,2,1,1,2,1,1,2,2,2,1,1,2,1,2,2,2,2,2,2,2,2,1,2,2,2,1,1,1,1,19,12,15,10,16,14,22,1,58,106,27,103,105,36,61,31,66,25,61,21,59,122,118,125,121,247,123,53,115,25,114,29,108,29,88,61,101,115
5,75,9,88,14,84,101,117,122,107,10,5,10,9,6,8,3,6,80,18,13,19,15,35,10,38,10,124,100,2,2,2,1,2,1,1,1,1,2,2,1,2,1,1,1,2,1,2,1,2,2,2,2,1,2,2,2,2,2,2,2,18,9,14,8,16,12,32,4,74,118,39,111,117,48,70,11,44,31,71,8,32,143,139,76,82,219,108,57,112,25,109,31,105,33,81,58,94,111
22,99,25,99,47,99,93,117.1,90.8,104.8,16,6,15,7,14,8,10,7,80,8,5,19,14,27,9,29,10,97,97,2,2,2,2,2,1,2,1,1,2,2,2,2,2,1,2,2,2,2,1,1,2,2,2,2,1,1,1,2,2,2,2,26,8,21,7,20,8,37,8,81,99,45,100,99,50,53,40,52,33,54,24,47,107,106,99,99,206,102,61,98,27,102,35,100,69,79,76,115,99
11,86,13,87,24,88,84,74,98,72,12,6,7,6,3,5,2,5,70,5,5,6,6,40,9,39,10,73,97,2,2,2,2,2,1,2,2,1,2,2,1,1,2,2,2,2,2,2,2,2,2,2,2,2,2,2,2,2,2,2,2,16,6,12,6,10,7,55,17,46,87,13,85,83,28,39,7,37,22,47,20,48,86,89,85,88,171,87,41,85,10,86,21,82,40,77,64,85,85
10,93,9,88,19,92,101,106,101,91,10,6,8,8,2,5,1,6,75,5,5,12,9,32,11,27,14,82,115,2,2,1,2,2,1,2,2,1,1,2,1,1,1,2,2,2,2,2,2,2,2,2,2,2,2,2,2,2,2,2,2,12,6,6,5,9,8,51,15,58,97,16,87,90,29,45,7,40,18,48,9,35,93,95,75,81,168,86,40,90,10,90,22,89,29,80,53,89,89
2,50,4,50,6,50,94.6,111.8,104.7,106.6,20,10,16,8,9,6,7,6,83,15,8,8,6,23,12,32,9,82,103,2,2,2,2,2,2,2,2,1,2,2,2,2,1,2,2,2,2,2,2,2,2,2,2,2,2,1,2,2,2,2,2,26,8,24,8,18,8,52,16,71,94,49,111,103,34,37,12,35,28,47,22,46,84,88,81,86,165,85,62,106,28,109,33,98,68,88,63,94,108
9,92,15,97,24,96,86,94,108,99,13,9,8,8,2,5,1,6,80,8,7,15,11,32,11,32,11,94,106,2,1,1,1,1,1,1,1,1,2,1,2,2,1,2,2,2,2,2,2,2,2,1,2,2,2,2,2,2,1,2,2,14,6,15,9,10,8,58,18,61,101,22,93,96,34,53,12,46,25,58,10,37,111,108,83,87,194,98,44,95,20,102,23,91,45,94,56,98,98
4,75,11,89,15,84,103.4,107.5,107.7,87,19,11,7,5,6,6,3,5,78,13,7,15,10,30,10,37,8,91,94,1,1,1,1,1,1,1,1,1,1,1,1,1,1,2,2,2,1,2,2,1,2,1,1,2,2,2,2,1,2,2,2,16,5,17,7,18,9,34,6,65,93,27,89,89,32,40,16,44,18,36,21,48,76,82,92,93,168,86,45,86,20,96,30,95,69,95,62,94,91
3,50,6,75,9,50,97.6,86.3,98.6,83.7,17,10,13,10,5,6,2,4,83,8,6,10,7,24,13,32,11,79,112,2,2,2,2,2,1,2,1,1,1,2,2,2,2,2,1,2,2,2,2,1,2,1,2,1,2,2,2,2,2,2,2,19,8,17,10,14,12,42,10,42,78,30,95,84,32,41,8,36,26,52,19,45,93,95,81,86,174,88,51,96,15,91,28,92,50,82,67,102,93
15,98,18,96,33,98,99.9,94,103,103,16,10,12,10,3,5,1,4,82,14,9,18,13,39,8,27,13,106,103,1,2,1,1,1,1,1,1,1,2,1,2,2,1,2,2,2,1,2,2,2,2,2,2,2,2,2,1,2,2,2,2,19,8,18,9,19,13,27,1,59,91,19,85,86,39,52,16,47,23,49,23,53,101,100,100,99,201,100,42,87,38,76,26,91,16,94,63,98,90
4,50,5,50,9,50,108,94,72,87,17,12,8,7,7,9,5,8,93,18,13,16,12,31,11,44,8,115,97,2,2,2,2,2,1,2,1,1,2,2,2,2,1,2,2,1,2,1,2,1,2,2,2,1,2,2,2,1,1,2,1,16,7,16,8,6,5,23,1,72,115,44,118,120,32,45,16,48,22,49,22,53,94,95,101,100,195,98,53,103,25,107,30,99,42,82,61,96,105
12,98,12,92,24,97,103.4,111.8,110.7,100.1,15,6,10,5,13,9,8,7,78,19,12,17,12,21,13,32,9,112,106,2,2,2,2,2,2,2,2,1,2,2,2,1,1,1,1,2,2,2,2,2,2,1,2,1,2,2,2,1,1,1,2,22,7,20,7,22,11,47,13,92,120,45,105,115,47,52,45,58,25,42,25,51,94,95,109,106,203,101,60,100,17,89,31,92,52,75,67,99,95
6,84,11,89,17,87,109.3,90.6,95.5,109.9,18,9,13,7,8,6,2,4,77,8,5,13,9,32,8,33,8,82,88,2,1,1,1,1,1,2,2,1,2,1,1,2,1,2,1,2,2,2,2,2,2,2,2,2,2,2,2,2,2,2,2,19,6,21,7,19,9,27,2,76,98,25,84,89,43,48,16,39,28,47,20,42,95,96,81,86,179,89,60,102,25,100,35,105,55,77,62,92,102
6,80,6,75,12,80,90,94,81,85,8,5,3,3,2,4,3,6,63,5,5,8,7,35,10,44,8,76,94,2,2,2,2,2,1,2,1,1,2,2,1,1,1,2,2,2,2,2,1,2,2,2,2,2,2,2,2,1,2,1,1,15,7,12,7,10,7,32,4,51,91,19,90,89,34,48,6,37,26,56,19,49,104,103,86,89,190,96,49,98,17,96,30,100,35,80,40,82,97
10,95,14,93,24,97,153,128,89.4,90.2,19,9,15,8,11,8,8,7,87,16,9,19,14,27,10,32,9,109,97,1,2,2,2,2,2,2,2,1,2,2,2,1,1,1,1,2,2,1,1,2,2,2,2,2,2,1,1,2,2,1,1,26,8,18,6,20,9,44,11,71,94,44,103,98,49,55,39,55,32,55,30,62,110,108,117,114,127,112,30,116,71,106,77,94,34,100,61,103,111
6,84,12,92,18,89,74,85.9,120.4,94.3,10,4,10,5,15,10,5,5,73,11,6,12,8,28,9,29,10,82,97,2,1,1,2,1,1,1,1,1,2,1,1,1,2,2,2,2,1,2,2,2,2,2,2,2,1,2,1,2,2,2,2,27,8,19,6,23,11,30,4,87,107,22,78,91,51,56,33,50,35,60,25,50,116,112,100,99,216,107,56,94,19,91,28,84,106,108,56,84,92
3,25,10,75,13,50,124,108,75,81,9,5,6,6,9,11,6,9,86,16,10,17,12,33,10,37,9,106,97,2,2,2,1,1,1,1,1,1,2,1,1,2,1,2,1,1,2,2,2,2,2,2,2,2,2,2,2,1,2,2,2,19,8,16,7,18,11,25,1,65,95,31,96,95,47,61,15,45,36,73,23,52,134,130,97,97,231,114,57,106,24,103,32,102,23,63,56,88,105
1,1,5,25,6,25,101,98,88,110,14,9,14,13,6,8,3,6,93,18,13,18,14,36,10,35,11,121,103,2,2,2,2,2,1,2,2,1,2,2,2,2,1,1,2,2,2,2,2,2,2,2,2,2,1,2,2,2,2,2,2,24,11,31,15,24,17,38,7,78,122,46,122,126,42,59,48,73,29,62,28,65,121,117,138,135,259,129,64,123,24,105,34,113,49,92,73,117,116
3,50,17,88,20,80,109.3,107.5,92.5,93.5,15,6,14,7,4,4,5,5,70,18,11,14,9,25,11,30,10,100,103,2,2,2,2,2,1,1,1,1,2,1,2,2,2,2,1,2,2,2,2,2,2,2,2,2,1,2,1,1,2,2,2,16,5,13,5,14,7,36,7,78,101,44,103,102,43,47,27,46,34,59,15,31,106,105,77,83,183,92,62,104,23,97,36,107,71,88,60,32,100
3,50,20,95,23,85,94.6,90.6,110.7,116.4,15,7,15,11,10,9,3,5,87,16,9,18,13,44,6,41,7,106,79,2,2,2,2,2,1,2,1,1,2,1,2,2,1,1,1,2,2,2,2,2,2,2,2,2,2,1,1,1,2,2,1,14,7,7,5,6,5,39,9,68,95,34,95,94,46,57,26,51,31,60,27,59,117,113,110,107,227,112,60,110,24,102,31,97,42,76,69,105,106
9,92,12,93,21,94,128,74,98,122,18,11,9,6,7,7,7,9,88,15,9,7,5,37,8,48,7,82,85,2,2,1,2,2,1,2,2,1,2,1,2,2,2,2,2,2,2,2,2,1,2,2,2,2,2,1,2,2,2,2,2,30,11,15,6,20,11,36,6,55,88,17,84,83,30,39,18,47,23,46,27,59,85,88,106,104,191,96,53,98,19,95,27,90,43,79,71,110,97
3,50,4,50,7,50,101,82,84,96,17,13,8,8,3,6,2,7,90,8,7,9,8,29,12,37,10,85,106,2,2,2,2,2,1,2,2,1,2,2,1,2,1,1,2,2,2,2,2,2,2,2,2,2,2,2,2,2,2,2,2,11,5,8,5,12,9,36,6,61,101,24,95,98,36,56,7,40,22,53,9,35,109,107,75,81,184,93,44,94,12,92,26,95,35,83,40,84,93
2,50,2,25,4,25,92,89,83,72,15,9,12,10,5,6,1,4,82,7,5,10,7,33,10,40,8,76,94,2,2,2,2,2,1,2,2,1,2,2,1,1,1,1,1,2,2,2,2,2,2,2,2,2,2,2,2,2,2,2,2,18,8,16,9,11,8,42,10,62,93,21,87,88,25,35,10,41,24,51,8,29,86,89,70,77,156,82,40,85,19,97,24,88,65,104,57,91,90
4,50,3,50,7,50,119,148,119,113,16,11,13,12,3,5,0,3,85,6,6,12,9,27,13,33,11,85,112,2,2,2,2,2,1,2,1,1,2,2,2,2,1,2,2,2,2,1,2,1,2,2,2,1,2,1,1,2,2,1,1,15,7,17,9,14,10,29,3,76,120,41,114,120,39,55,12,44,27,58,21,52,113,109,96,96,209,104,54,105,22,102,28,96,53,95,64,100,103
3,50,6,50,9,50,106.4,90.6,86.4,67.4,20,11,16,11,7,6,5,6,90,7,4,6,5,24,13,33,9,67,106,1,1,2,2,2,1,2,1,1,2,2,1,2,2,2,2,2,2,2,2,2,2,2,2,2,2,2,2,1,2,2,2,17,6,17,7,12,6,37,7,78,108,38,99,104,41,48,24,43,27,50,25,53,98,98,96,96,194,98,62,110,25,102,34,103,84,101,70,105,107
6,80,10,90,16,89,99.9,108,99.9,106,11,5,16,14,2,4,0,3,77,14,9,16,11,33,10,42,8,100,94,1,2,2,2,2,1,2,2,1,2,2,2,2,1,2,2,2,2,2,2,2,2,2,2,2,2,1,1,2,1,2,2,16,6,21,10,15,9,34,5,58,90,19,85,85,43,58,24,53,22,47,25,57,105,104,110,107,215,107,45,90,15,92,30,98,45,84,71,111,91
24,99,24,99,48,99,90,78,101,96,15,10,3,3,3,5,4,7,75,8,7,12,9,38,9,39,10,88,97,1,2,2,2,2,1,2,2,1,2,2,2,2,2,1,1,2,2,2,2,2,2,2,2,1,1,1,1,1,1,1,1,13,6,16,8,10,7,25,1,59,98,24,95,96,33,49,15,48,20,47,24,58,96,97,106,104,202,100,54,106,21,101,25,92,41,86,57,91,104
1,1,0,1,1,1,106.4,94.8,74.2,96.8,17,8,7,4,11,9,8,8,82,8,5,12,8,41,6,45,6,79,76,2,2,1,2,2,1,2,2,1,2,2,1,1,1,1,1,1,2,1,1,1,1,2,2,2,2,2,2,2,2,2,2,18,6,13,5,14,7,40,9,72,97,22,85,89,36,42,7,33,26,47,21,46,89,91,79,84,168,86,54,95,23,98,28,89,59,85,57,87,97
11,94,12,93,23,95,69,69,69,84,10,5,9,7,4,6,0,3,68,7,5,7,5,38,8,47,7,70,85,2,2,2,2,2,1,2,2,1,2,2,2,2,2,2,1,2,2,2,2,2,2,2,2,1,2,2,2,2,2,2,2,15,5,12,5,8,5,53,17,59,91,13,78,81,25,34,6,35,20,42,18,44,76,82,79,84,155,81,45,90,12,89,26,90,21,63,55,88,89
2,75,9,75,11,50,103.4,103.3,126,100.1,18,9,16,10,13,9,7,7,92,9,5,19,14,30,9,30,10,97,97,2,1,1,1,1,1,1,2,2,2,1,2,2,1,2,2,2,2,2,2,2,2,2,2,2,2,2,2,2,2,2,2,30,9,38,10,16,7,47,13,71,94,32,91,91,39,44,35,54,24,42,26,55,86,89,109,106,195,98,55,95,18,92,32,96,47,74,74,113,93
2,25,5,25,7,25,69,69,99.9,109,17,10,18,15,2,3,4,6,90,16,10,9,7,45,7,41,8,91,85,2,2,1,1,1,1,1,1,1,2,1,1,1,1,1,2,2,2,2,2,2,2,2,2,2,2,2,2,2,2,2,2,19,8,16,7,14,9,44,11,59,91,16,83,84,37,48,27,55,28,57,20,47,105,104,102,101,107,103,41,83,18,95,26,89,35,74,65,100,88
19,97,22,98,41,98,88,98,92,90,9,4,3,2,3,5,3,6,62,7,5,10,7,31,10,35,10,76,100,1,2,1,2,2,1,2,2,1,2,2,2,1,2,2,2,2,2,2,2,2,2,1,1,2,2,2,1,2,2,2,2,15,6,11,5,6,4,48,13,68,97,25,90,92,38,51,7,37,18,41,15,42,92,94,79,84,171,87,47,93,15,92,23,86,60,98,63,98,92
6,50,11,80,17,75,88.7,82.1,104.7,100.1,20,10,15,9,14,10,6,6,92,19,12,16,11,24,12,25,13,109,115,2,2,1,2,1,1,2,1,1,2,2,2,2,1,2,2,2,2,2,1,2,2,2,2,2,2,2,2,2,2,2,2,14,4,13,5,10,5,34,6,79,103,43,102,103,39,43,9,32,23,39,22,46,82,87,78,84,160,83,65,114,25,100,30,91,54,78,59,88,108
10,85,22,98,32,95,76,137,72,97,11,5,9,7,3,5,1,4,88,8,6,5,4,38,8,46,7,70,85,1,2,2,2,1,1,2,1,1,2,2,1,1,2,2,1,1,2,2,2,2,2,2,1,2,2,2,2,2,2,2,2,15,6,9,5,13,8,37,7,61,92,16,83,85,40,52,6,35,23,47,11,32,99,99,67,75,166,85,51,97,15,92,31,99,44,82,52,84,94
0,1,0,1,0,1,86,86,88,102,8,5,11,11,5,8,4,4,88,7,6,13,10,45,8,42,9,88,91,2,2,2,2,2,2,2,2,1,2,2,2,2,2,2,2,2,2,2,2,2,2,2,2,2,2,2,2,2,2,2,2,18,9,19,10,13,10,45,11,50,90,17,88,87,34,53,6,39,25,58,6,31,111,108,70,78,181,91,45,95,18,98,25,93,33,82,54,89,96
0,1,2,25,2,10,88.7,90.6,95.5,109.9,14,6,12,8,10,9,7,8,85,15,8,11,8,38,7,34,9,88,88,2,2,2,2,2,2,2,2,1,2,2,2,2,2,2,1,2,2,2,1,2,2,2,2,2,2,2,2,2,2,2,2,34,13,27,11,24,15,49,14,67,94,23,86,88,46,57,7,35,30,58,17,41,115,111,76,82,191,96,54,98,21,97,32,100,96,116,58,89,98
6,75,8,75,14,75,115.2,69.4,62,90.2,16,7,9,5,5,5,5,6,72,14,8,6,5,22,14,22,16,79,130,2,2,1,1,1,1,1,1,1,2,1,2,2,1,2,2,2,2,2,2,2,2,2,2,2,2,2,2,2,2,2,2,20,7,16,6,12,6,44,11,73,98,38,99,98,33,39,6,32,25,45,20,44,84,88,76,82,160,83,52,94,18,93,26,85,82,103,52,81,93
3,50,2,50,5,50,88.7,90.6,86.4,106.6,10,4,10,6,5,5,4,5,67,19,12,19,14,45,6,53,5,118,73,2,2,1,1,1,1,1,2,2,2,1,2,2,2,2,2,2,2,2,2,2,2,1,2,2,2,1,1,1,1,2,2,16,5,14,6,6,3,36,7,49,81,24,87,81,35,43,23,49,25,48,27,59,91,93,108,106,199,100,46,87,19,95,28,91,42,75,62,94,91
3,50,1,25,4,25,118.1,141.5,98.6,103.3,18,8,19,12,14,9,10,8,95,18,11,11,8,29,9,33,8,97,91,2,2,2,2,2,1,2,1,1,2,2,1,1,1,1,1,2,2,2,2,2,2,2,2,2,1,2,2,2,2,2,2,34,10,21,7,24,12,31,4,77,99,51,114,108,52,58,7,31,31,53,21,43,111,108,74,80,185,93,63,106,26,101,34,99,97,105,64,94,104
8,84,0,1,8,50,91,72.6,126.3,110,23,13,20,12,18,11,21,17,122,19,12,10,7,24,11,29,10,97,103,2,2,2,2,2,2,2,2,1,2,2,2,1,2,1,1,2,2,2,1,2,2,2,2,2,2,2,2,2,2,2,2,37,11,31,10,21,9,56,18,83,101,45,100,101,46,50,17,38,31,52,25,50,102,101,88,90,190,96,61,100,28,107,35,102,101,106,63,92,104
1,25,7,50,8,50,94.6,82.1,74.2,77.2,21,11,16,10,9,7,10,9,95,17,10,18,13,30,9,34,8,109,91,2,2,2,2,1,2,2,2,1,2,2,2,1,2,1,1,2,2,2,2,2,2,1,2,2,2,2,2,1,1,1,1,20,6,25,9,13,6,59,19,79,103,36,95,99,50,58,38,56,33,59,28,59,117,113,115,111,232,114,60,104,21,95,29,90,73,94,78,126,99
4,50,8,75,12,50,108,103,83,97,18,12,15,13,10,11,6,9,108,8,6,11,8,35,9,30,12,82,103,2,2,2,2,2,1,2,1,1,2,2,1,2,1,2,1,2,2,2,2,2,2,2,2,2,2,1,1,2,2,2,2,19,8,17,8,10,6,51,15,61,92,43,112,102,40,52,16,46,21,43,21,49,95,96,95,96,190,96,60,113,26,108,32,102,40,79,59,92,111
2,50,1,25,3,25,108,78,119,102,17,13,15,15,7,10,1,6,107,17,12,13,10,24,14,29,13,106,121,2,2,2,2,2,2,2,2,1,2,2,1,2,2,2,2,2,2,2,2,2,2,2,2,2,2,2,2,2,2,2,2,12,6,12,8,14,12,48,13,75,119,49,128,128,30,47,7,40,19,48,24,60,95,96,100,99,195,98,57,116,28,117,29,103,58,108,55,92,117
4,50,7,50,11,50,97.6,124.5,129,113.1,23,13,21,15,15,11,14,12,118,14,8,10,7,34,7,32,9,85,88,2,2,2,2,2,2,2,2,1,2,2,2,1,1,1,1,2,2,2,2,2,2,2,2,2,2,2,2,2,2,2,2,37,12,35,14,25,14,53,17,73,95,30,89,90,54,63,60,71,43,78,32,67,141,137,138,135,279,141,61,106,28,109,36,109,89,99,76,118,108
3,50,6,75,9,50,153,121,95,105,17,13,17,17,13,15,6,11,127,17,12,9,8,35,10,37,10,100,100,2,2,2,2,2,1,2,2,1,2,1,1,2,1,2,1,2,2,2,2,2,2,2,2,2,2,2,2,2,2,2,2,20,10,18,10,11,8,57,18,59,98,23,94,95,42,61,23,54,23,52,31,72,113,109,126,123,239,118,52,104,15,94,27,96,73,114,60,96,99
5,75,5,50,10,50,79,106,91,110,16,12,11,11,5,8,5,10,102,14,10,16,12,32,11,38,10,106,103,2,2,2,2,2,1,2,2,1,2,2,2,1,1,2,2,2,2,2,2,2,2,2,2,2,2,2,2,2,2,2,2,15,7,13,7,9,7,25,1,62,102,18,89,95,40,58,8,40,27,60,14,42,118,114,82,86,200,100,48,98,13,92,28,97,36,84,63,100,95
0,1,0,1,0,1,96,118,140,109,21,14,20,17,20,17,18,19,145,10,7,5,4,25,13,29,12,59,115,2,2,2,2,2,2,2,2,1,2,2,1,1,1,1,1,2,2,2,2,2,2,2,2,2,2,2,2,2,2,2,2,37,15,23,11,11,7,51,15,76,111,23,89,100,44,56,41,64,25,50,24,53,106,105,117,114,223,109,57,106,23,101,29,95,117,130,66,101,104
5,50,9,50,14,50,96,104,98,110,14,12,9,11,5,10,2,9,103,16,12,9,8,48,8,58,7,100,85,2,2,2,2,2,2,2,2,1,2,2,2,2,1,2,2,2,2,2,2,2,2,1,2,2,2,2,2,2,2,2,2,19,12,24,15,19,16,41,9,63,111,29,105,110,37,63,44,78,20,52,23,62,115,111,140,137,255,127,56,119,25,114,28,105,38,98,66,109,118
6,50,11,80,17,75,113,81.5,105.6,99.5,20,10,18,10,14,9,6,6,92,19,12,18,13,22,12,25,12,115,112,2,1,2,2,2,1,2,1,1,2,2,2,2,1,2,1,2,2,2,2,1,2,1,2,1,2,2,2,1,1,1,1,36,10,30,10,19,8,27,1,87,107,46,102,105,40,42,8,31,26,43,23,45,85,88,76,82,161,84,61,99,27,103,32,93,127,119,55,82,101
7,88,7,75,14,80,100.5,99.1,110.7,100.1,18,10,9,6,14,12,11,11,98,16,9,14,9,42,6,35,9,94,85,2,1,1,1,1,1,1,1,1,2,1,2,1,1,2,2,2,2,2,2,1,2,2,2,2,2,2,2,2,2,2,2,20,7,15,6,19,10,39,9,68,95,27,89,90,39,47,28,52,30,57,29,62,104,103,114,110,218,108,53,96,23,99,31,97,44,76,67,101,98
0,1,0,1,0,1,112,94,78,94,20,13,10,7,14,13,10,11,107,15,9,7,5,26,12,32,11,82,109,2,2,2,2,2,2,2,2,1,1,2,1,2,2,2,2,2,2,2,2,2,2,2,2,2,2,2,2,2,2,2,2,10,4,15,7,20,12,54,17,70,101,31,96,98,43,55,24,51,27,54,19,45,109,107,96,96,205,102,61,114,23,101,31,99,50,86,61,94,108
0,1,0,1,0,1,100.5,99.1,92.5,113.1,19,9,16,10,17,12,11,9,100,16,9,9,7,25,11,30,10,88,103,2,2,1,2,1,2,2,2,1,2,2,1,2,2,2,2,2,1,2,2,2,2,1,2,2,2,2,2,1,2,2,2,25,8,20,7,21,10,55,18,81,107,44,103,106,41,46,49,63,30,53,23,49,99,99,112,109,211,105,55,96,28,110,36,110,72,94,75,116,102
